short,long
ARROWHEAD ICE,Arrowhead Ice
DELI CKN,Deli Fresh Hot Whole Roasted Chicken (NOT AVAILABLE FOR ORDERS BEFORE 11:00 am DAILY)
TYFR SALAD KIT,Taylor Farms Avocado Ranch Chopped Salad Kit
TYFR SALAD KIT,Taylor Farms Buffalo Ranch Chopped Salad Kit
CA REDEM VAL,$000.10 CRV DEPOSIT
CA REDEM VAL,$000.10 CRV DEPOSIT
ABOUND CAT LITTER,ABOUND™ Natural Clumping Cat Litter
ALFAROS BUN,Alfaro's Artesano Bakery Bun
APGT FRM BACON,Applegate Natural Uncured Turkey Bacon
ARROWHEAD ICE,Arrowhead Ice
BLACKBERRIES,Berries - Blackberries
BYND BURGER,Beyond Meat The Beyond Burger Plant-Based Burger Patties
BF CHUCK PATTY,BF ANG CHCK PTTY 80/20 CR
BLDM ALMONDS,Blue Diamond Bold Habanero BBQ Almonds
CGYS ALPINE,Crystal Geyser Alpine Spring Water
EGGLANDS BEST EGGS,Eggland's Best Organic Grade A Large Brown Eggs
FFST CAT FOOD,Fancy Feast Chunky Chicken Feast Wet Cat Food
FFST CAT FOOD,Fancy Feast Classic Pate Chicken Feast Wet Cat Food
FFST CAT FOOD,Fancy Feast Classic Pate Tender Beef Feast Wet Cat Food
FFST CAT FOOD,Fancy Feast Classic Tender Beef & Liver Feast Wet Cat Food
FFST CAT FOOD,Fancy Feast Flaked Chicken & Tuna Feast Wet Cat Food
FFST CAT FOOD,Fancy Feast Grilled Chicken Feast in Gravy Wet Cat Food
FFST CAT FOOD,Fancy Feast Grilled Tender Beef & Liver Feast in Gravy Wet Cat Food
FFST CAT FOOD,Fancy Feast Minced Turkey Feast in Sauce Wet Cat Food
FFST CAT FOOD,Fancy Feast Sliced Chicken Feast in Gravy Wet Cat Food
FRISKIES CAT TREAT,Friskies Party Mix Original Crunch Cat Treats
G HUGHES SF BBQ SC,G Hughes Sugar Free Original Smokehouse BBQ Sauce
KRO HS PLATES,Kroger® Designer Paper Plates
KRO PPR NPKN,Kroger® Everyday Napkins
KRO ROMAINE,Kroger® Romaine Leaf Single Cut Leaf
LA CREMA CHARDNY,La Crema Reserve Chardonnay
LAYS POTATO CHIPS,Lay's Classic Potato Chips
HOUSE HOLD GLOVE,Mr. Clean® Loving Hands Super Premium Gloves - Red
NUTPODS CREAMER,Nut Pods French Vanilla Unsweetened Dairy-Free Creamer
ONIONS YLW,Onions - Yellow
CABBAGE ORG,Organic - Cabbage - Red
TOMATO ORGNC,Organic - Tomatoes - On the Vine
ORVILLE PCRN KRNLS,Orville Redenbacher's Original Popcorn Kernels
O M BACON,Oscar Mayer Naturally Hardwood Smoked Bacon
RAOS PASTA SAUCE,Rao's Homemade Arrabbiata Fra Diavolo Sauce
SARGENTO CHEESE,Sargento Natural Colby-Pepper Jack Deli Style Slices 11 Count
SARGENTO CHEESE,Sargento Natural Pepper Jack Cheese Slices 10 Count
STO ROM HRT ORGNC,Simple Truth Organic™ Romaine Hearts
ST DINNER PLATE,Simple Truth™ Dinner Plates - 32 pk
GLAC SMRTWTR,SmartWater Vapor Distilled
SQUASH SPAGH,Squash - Spaghetti
BF GRND 85/15,Sunfed Ranch 100% Grass Fed 85% Lean Ground Beef
MINDFUL CHK,Sweet Earth Vegan Mindful Chik'n Strips
AM BBQ GRND BF,American BBQ Kobe Ground Beef
BYND BF,Beyond Meat Plant-Based Ground Beyond Beef
TYFR SALAD KIT,Taylor Farms Buffalo Ranch Chopped Salad Kit
DELI CKN,Deli Fresh Hot Whole Roasted Chicken (NOT AVAILABLE FOR ORDERS BEFORE 11:00 am DAILY)
KRGD SHRED CHS,Kerrygold Shredded Mild Cheddar Cheese
KRGD SHRED CHS,Kerrygold Shredded Savory Cheddar Cheese
MCCO ONION POWDE,McCormick Gourmet Organic Onion Powder
OGVA CREAM CHEESE,Organic Valley Cream Cheese
PEPPERS JALAPENO,Pepper - Jalapeno
TLMK CHEESE,Tillamook Medium Cheddar Farmstyle Cut Shredded Cheese
CA REDEM VAL,$000.10 CRV DEPOSIT
CA REDEM VAL,$000.10 CRV DEPOSIT
ARROWHEAD ICE,Arrowhead Ice
BIRDSEYE STMFRSH,Birds Eye Steamfresh Premium Brussels Sprouts
BIRDSEYE STMFRSH,Birds Eye Steamfresh Whole Green Beans
BIRDSEYE STMFRSH,Bob's Red Mill Organic Coconut Flour
CGYS ALPINE,Crystal Geyser Alpine Spring Water
DAIRY PURE WHP CRM,Dairy Pure Heavy Whipping Cream
EGGLANDS BEST EGGS,Eggland's Best Organic Grade A Large Brown Eggs
JM DN SAUSAGE ROLL,Jimmy Dean Regular Premium Pork Sausage Roll
KROGER PECANS,Kroger® Pecan Halves
NTSW TOMATO CHERUB,Nature Sweet Cherubs Tomatoes
ONIONS YLW,Onions - Yellow
PRSL CAU ORG,Organic - Cauliflower
OSCM BACON,Oscar Mayer Naturally Hardwood Smoked Bacon Mega Pack
PHLLY CREAM CHEESE,Philadelphia Original Cream Cheese
STO REG SOUR CREAM,Simple Truth Organic™ Cultured Grade A Sour Cream
ST ALMOND MEAL,Simple Truth™ Almond Meal Flour
ST BATH TISSUE,Simple Truth™ Bath Tissue
ST COOKED BACON,Simple Truth™ Fully Cooked Uncured Applewood Smoked Bacon
ST TURKEY BACON,Simple Truth™ Fully Cooked Uncured Hardwood Smoked Turkey Bacon
STN TURKEY,Simple Truth™ Natural Young Turkey (10-14 lb)
GLAC SMRTWTR,SmartWater Vapor Distilled
SPCIS PUMPKIN PIE,Spice Islands Pumpkin Pie Spice
SPCIS VAN EXTRACT,Spice Islands Pure Vanilla Extract
SWERVE ALL NAT SWE,Swerve Granular All Natural Sweetener
TYFR SALAD KIT,Taylor Farms Avocado Ranch Chopped Salad Kit
BOBS DRSNG,Bob's Blue Cheese Dressing
CARROTS CLIP TOP,Carrot
CHALLENGE BUTTER,Challenge Unsalted Butter
CILANTRO,Cilantro
EGGLANDS BEST EGGS,Eggland's Best Grade A Large Eggs
DILL,Fresh Dill
FGOR JALAPEN,Fresh Gourmet Crispy Jalapenos
FGOR ONIONS,Fresh Gourmet Garlic Pepper Crispy Onions
FGOR CRUMBLES,Fresh Gourmet Organic Focaccia Garlic Toast Crumbles
GIRARD DRESSING,Girard’s Greek Feta Vinaigrette Dressing
KIND BAR CLUSTERS,KIND Healthy Grains Almond Butter Whole Grain Clusters
KNUDSEN COTTGE CHS,Knudsen Small Curd Low Fat Cottage Cheese & Pineapple
KRO PIMENTO,Kroger® Diced Pimientos
MRS CUBB CHS CRSPS,Mrs Cubbison's Parmesan Crisps
ONIONS GREEN,Onions - Green
PHLLY CREAM CHEESE,Philadelphia Whipped Original Cream Cheese
RADISHES,Radishes - Green Top
STO PEPPERS,Simple Truth Organic™ Mini Sweet Peppers
TYFR SALAD KIT,Taylor Farms Avocado Ranch Chopped Salad Kit
TYFR SALAD KIT,Taylor Farms Roasted Garlic Chopped Salad Kit
CA REDEM VAL,$000.10 CRV DEPOSIT
CA REDEM VAL,$000.10 CRV DEPOSIT
CGYS ALPINE,Crystal Geyser Alpine Spring Water
KRO HMS DBL SAS,Kroger® Select-A-Sheet Double Paper Towels
KRO TISSUE,Kroger® Home Sense® Soft & Strong Double Roll Bath Tissue
SATR PARMESN,Sartori Shredded Parmesan Cheese Bag
GLAC SMRTWTR,SmartWater Vapor Distilled
CA REDEM VAL,$000.10 CRV DEPOSIT
CA REDEM VAL,$000.10 CRV DEPOSIT
ARROWHEAD ICE,Arrowhead Ice
BYND SSG BRAT,Beyond Meat Original Brat Plant-Based Sausage Links
BRHD CHEESE,Boar's Head Monterey Jack with Jalapeno Pre-Sliced Cheese
BRHD SWS CHS,Boar's Head Pre-Sliced Gold Label Swiss Cheese
BNTY NAPKINS,Bounty Paper Napkins
CGYS ALPINE,Crystal Geyser Alpine Spring Water
EGGLANDS BEST EGGSRC,Eggland's Best Organic Grade A Large Brown Eggs
FFST CAT FOOD,Fancy Feast Classic Pate Savory Salmon Feast Wet Cat Food
FFST CAT FOOD,Fancy Feast Medleys White Meat Chicken Florentine Wet Cat Food
FFST CAT FOOD,Fancy Feast Sliced Chicken Feast in Gravy Wet Cat Food
NUTPODS CREAMER,Nut Pods French Vanilla Unsweetened Dairy-Free Creamer
GLAC SMRTWTR,SmartWater Vapor Distilled
CA REDEM VAL,$000.10 CRV DEPOSIT
CA REDEM VAL,$000.10 CRV DEPOSIT
ARROWHEAD ICE,Arrowhead Ice
AVOCADOS,Avocado - Small
BYND SSG HT ITLN,Beyond Meat Hot Italian Plant-Based Sausage
THE BEYOND BURGER,Beyond Meat The Beyond Burger Plant-Based Burger Patties
CGYS ALPINE,Crystal Geyser Alpine Spring Water
FGOR PEPPERS,Fresh Gourmet Crispy Red Peppers
KRO ROMAINE,Kroger® Romaine Leaf Single Cut Leaf
NUTPODS CREAMER,Nut Pods French Vanilla Unsweetened Dairy-Free Creamer
ONIONS RED JUMBO,Onions - Red - Jumbo
CUC ORG RPC,Organic - Cucumber - English
RED LEAF ORG,Organic - Leaf Lettuce - Red
00SL BF CHCK PATTY,Private Selection™ Angus Beef Ground Chuck Patties 80% Lean
PRSL TOMATO,Private Selection™ Campari Tomatoes
GLAC SMRTWTR,SmartWater Vapor Distilled
APGT FRM BACON,Applegate Natural Uncured Turkey Bacon
ONS GRN ORG,Organic - Onions - Green
PARSLEY ORG,Organic Italian Parsley
CLRY HRT (STO) ORG,Simple Truth Organic™ Celery Hearts
CA REDEM VAL,$000.10 CRV DEPOSIT
CA REDEM VAL,$000.10 CRV DEPOSIT
ATHN CRM FTA,Athenos Crumbled Traditional Feta Cheese
CGYS ALPINE,Crystal Geyser Alpine Spring Water
GIRARD DRESSING,Girard's Greek Feta Vinaigrette
CUC ORG RPC,Organic - Cucumber - English
TOMATO MX MDLY,Organic - Tomatoes - Cherry - Del Cabo Mixed Medley
ST COLSSAL CKN-H,Simple Truth™ Hot Whole Roasted Chicken (NOT AVAILABLE FOR ORDERS BEFORE 11:00 am DAILY)
GLAC SMRTWTR,SmartWater Vapor Distilled
BESTFOODS MAYO,Best Foods Real Mayonnaise
GIRARD DRESSING,Girard’s Greek Feta Vinaigrette Dressing
GREYPOUPON MUSTARD,Grey Poupon Dijon Mustard
O M BACON,Oscar Mayer Naturally Hardwood Smoked Bacon
STO BABY SPINACH,Simple Truth Organic™ Baby Spinach
STO ROM HRT ORGNC,Simple Truth Organic™ Romaine Hearts
ST LHS TEA,Simple Truth™ Lemon Verbena Hand Soap
SLMFST CRML NUT,SlimFast Keto Fat Bomb Caramel Nut Clusters Snacks
CA REDEM VAL,$000.05 CRV DEPOSIT
CA REDEM VAL,$000.10 CRV DEPOSIT
APGT FRM BACON,Applegate Natural Uncured Turkey Bacon
BYND SSG BRAT,Beyond Meat Original Brat Plant-Based Sausage Links
BFLO CKN SAUSAGE,Boar's Head Blazing Buffalo Chicken Sausage
FGOR PEPPERS,Fresh Gourmet Crispy Red Peppers
KRGD SLICED CHEESE,Kerrygold Savory Cheddar Cheese Slices
OM BACON,Oscar Mayer Natural Smoked Uncured Bacon
SARGENTO CHEESE,Sargento Natural Colby-Pepper Jack Deli Style Slices 11 Count
STO KALE BABY ORG,Simple Truth Organic™ Baby Kale
STO BABY SPRING MX,Simple Truth Organic™ Baby Spring Mix
GLAC SMRTWTR,SmartWater Vapor Distilled
SPARKLING ICE,Sparkling Ice Kiwi Strawberry Sparkling Water
SPARKLING ICE,Sparkling Ice Pink Grapefruit Sparkling Water
CA REDEM VAL,$000.10 CRV DEPOSIT
CA REDEM VAL,$000.10 CRV DEPOSIT
BYND SSG HT ITLN,Beyond Meat Hot Italian Plant-Based Sausage
CGYS ALPINE,Crystal Geyser Alpine Spring Water
KRO HMS DBL SAS,Kroger® Select-A-Sheet Double Paper Towels
MCCO SAGE,McCormick Gourmet Organic Rubbed Sage
PARSLEY ORG,Organic - Parsley - Curly
PACF ALM MLK,Pacific Unsweetened Almond Milk
PRSL AVOCADO OIL,Private Selection™ Avocado Oil
PRSL SAGE,Private Selection™ Dalmatian Rubbed Sage
STO CREAM CHEESE,Simple Truth Organic™ Cream Cheese
STO REG SOUR CREAM,Simple Truth Organic™ Cultured Grade A Sour Cream
STO BROTH,Simple Truth Organic™ Fat Free Free Range Chicken Broth
ST PECAN HLV RAW,Simple Truth™ Pecan Halves
ST ALMONDS SLC R,Simple Truth™ Sliced Raw Almonds
ST ALMONDS SLV R,Simple Truth™ Slivered Blanched Almonds
ST WALNUTS HLV,Simple Truth™ Walnut Halves & Pieces
GLAC SMRTWTR,SmartWater Vapor Distilled
STARBUCKS COFFEE,Starbucks French Dark Roast Ground Coffee
TLMK CHEESE,Tillamook Medium Cheddar Farmstyle Cut Shredded Cheese
VF PR BUTTER,VF PR UNSALTED BUTTER
HEFTY ULTRA STRONG,Hefty Ultra Strong Lavender & Sweet Vanilla Scent Tall Kitchen Drawstring Trash Bags Mega Pack
KRO KITCHEN BAG,Kroger® Tall Kitchen Drawstring Trash Bags
BYND SSG BRAT,Beyond Meat Original Brat Plant-Based Sausage Links
BYND BF,Beyond Meat Plant-Based Ground Beyond Beef
EGGLANDS BEST EGGS,Eggland's Best Organic Grade A Large Brown Eggs
GARLIC LARGE,Garlic
HORIZON HVY CREAM,Horizon Organic Heavy Whipping Cream
JHNSNVL SAUS,Johnsonville Hot Italian Sausages
MCCO OREGANO,McCormick Gourmet Organic Oregano
NUTPODS CREAMER,Nut Pods Hazelnut Unsweetened Dairy-Free Creamer
NUTPODS CREAMER,Nut Pods Original Unsweetened Dairy-Free Creamer
ONIONS RED JUMBO,Onions - Red - Jumbo
BROWN ONIONS,Onions - Yellow
CABBAGE ORG,Organic - Cabbage - Green
CABBAGE ORG,Organic - Cabbage - Red
PPR RED ORG,Organic - Pepper - Bell - Red
PRSL AVOCADO OIL,Private Selection™ Avocado Oil
ST ALMOND MEAL,Simple Truth™ Almond Meal Flour
STARBUCKS COFFEE,Starbucks French Dark Roast Whole Bean Coffee
ARROWHEAD ICE,Arrowhead Ice
BYND SSG BRAT,Beyond Meat Original Brat Plant-Based Sausage Links
DELI CKN,Deli Fresh Hot Whole Roasted Chicken (NOT AVAILABLE FOR ORDERS BEFORE 11:00 am DAILY)
GLBNI STR CHS,Galbani String Cheese
HFNG SAUCE,Huy Fong Chili Garlic Sauce
LEMONS,Lemons - Large
NUTPODS CREAMER,Nut Pods French Vanilla Unsweetened Dairy-Free Creamer
ARROWHEAD ICE,Arrowhead Ice
AVOCADOS,Avocado - Extra Large
FFST CAT FOOD,Fancy Feast Creamy Delights Tuna Feast with Real Milk Wet Cat Food
FFST CAT FOOD,Fancy Feast Filet Mignon Flavor with Real Seafood & Shrimp Dry Cat Food
FFST CAT FOOD,Fancy Feast Gravy Lovers Chicken & Beef in Gravy Wet Cat Food
FFST CAT FOOD,Fancy Feast Gravy Lovers Chicken Feast in Grilled Chicken Flavor Gravy Wet Cat Food
FFST CAT FOOD,Fancy Feast Gravy Lovers Salmon Feast Wet Cat Food
FFST CAT FOOD,Fancy Feast Gravy Lovers Turkey Feast in Roasted Turkey Flavor Gravy Wet Cat Food
FFST CAT FOOD,Fancy Feast Grilled Beef Feast in Gravy Wet Cat Food
FFST CAT FOOD,Fancy Feast Grilled Salmon & Shrimp Feast in Gravy Wet Cat Food
FFST CAT FOOD,Fancy Feast Grilled Seafood Feast in Gravy Wet Cat Food
FFST CAT FOOD,Fancy Feast Grilled Tender Beef & Liver Feast in Gravy Wet Cat Food
FFST CAT FOOD,Fancy Feast Medleys Tuna Florentine Wet Cat Food
FFST CAT FOOD,Fancy Feast Medleys Turkey Florentine Wet Cat Food
FFST CAT FOOD,Fancy Feast Medleys White Meat Chicken Florentine with Cheese & Vegetables Pate Wet Cat Food
FFST CAT FOOD,Fancy Feast Medleys Whitefish & Tuna Florentine with Cheese Pate Wet Cat Food
FFST CAT FOOD,Fancy Feast Medleys Wild Salmon Florentine Wet Cat Food
FFST CAT FOOD,Fancy Feast Sliced Chicken Feast in Gravy Wet Cat Food
AVOCADO,Avocado - Large
BRUSSEL SPRT,Brussels Sprouts
CELERY,Celery - Small
FGOR CRSP HTCH PPR,Fresh Gourmet Crispy Hatch Chiles 3.5 Oz
FGOR PEPPERS,Fresh Gourmet Crispy Red Peppers
PRSL CAU ORG,Organic - Cauliflower
STO PUMPKIN,Simple Truth Organic™ Solid Packed 100% Pure Pumpkin
SPCT FLAX SD,Spectrum Essentials Organic Ground Flaxseed with Omega-3 & Lignans
CA REDEM VAL,$000.10 CRV DEPOSIT
CA REDEM VAL,$000.10 CRV DEPOSIT
APGT FRM RST TRKY,Applegate Natural Oven Roasted Turkey Breast
BYND SSG HT ITLN,Beyond Meat Hot Italian Plant-Based Sausage
BRHD TURKEY,Boar's Head Roasted Turkey Breast
CGYS ALPINE,Crystal Geyser Alpine Spring Water
EGGLANDS BEST EGGS,Eggland's Best Organic Grade A Large Brown Eggs
FGOR CRSP HTCH PPR,Fresh Gourmet Crispy Hatch Chiles 3.5 Oz
FGOR PEPPERS,Fresh Gourmet Crispy Red Peppers
FGOR JALAPEN,Fresh Gourmet Lightly Salted Crispy Jalapenos
GLBNI STR CHS,Galbani String Cheese
KRYGLD BUTTER,Kerrygold Pure Irish Butter
NUTPODS CREAMER,Nut Pods French Vanilla Unsweetened Dairy-Free Creamer
O M BACON,Oscar Mayer Naturally Hardwood Smoked Bacon
ST TURKEY BACON,Simple Truth™ Fully Cooked Uncured Hardwood Smoked Turkey Bacon
GLAC SMRTWTR,SmartWater Vapor Distilled
TOMATOES,Tomatoes - On The Vine
CA REDEM VAL,$000.10 CRV DEPOSIT
BRHD CHEESE,Boar's Head Pre-Sliced Lower Sodium Provolone Cheese
FFST CAT FOOD,Fancy Feast Medleys Shredded Wild Salmon Fare Wet Cat Food
FFST CAT FOOD,Fancy Feast Medleys White Meat Chicken Florentine with Cheese & Vegetables Pate Wet Cat Food
KRO RED LEAF,Kroger® Red Leaf Single Cut Leaf
GLAC SMRTWTR,SmartWater Vapor Distilled
CA REDEM VAL,$000.10 CRV DEPOSIT
ABOUND CAT LITTER,ABOUND™ Natural Clumping Cat Litter
AM BBQ PATTY,American BBQ Organic Ground Beef Patties 85 / 15
BYND BURGER,Beyond Meat The Beyond Burger Plant-Based Burger Patties
CGYS ALPINE,Crystal Geyser Alpine Spring Water
JOSF SHRD CHEESE,Joseph Farms Shredded Monterey Jack Cheese
AVOCADOS,Avocado - Extra Large
PRSL CAU ORG,Organic - Cauliflower
CUC ORG RPC,Organic - Cucumber - English
STO BABY SPINACH,Simple Truth Organic™ Baby Spinach
SURFBOARDS BAGS,Earthwise Surfboard Reusable Shopping Bag
CUTTNG BOARD,Wilshire Cutting Boards
GREEN GIANT STMR,Green Giant Simply Steam Broccoli Florets
KIND BAR CLUSTERS,KIND Healthy Grains Almond Butter Whole Grain Clusters
TYFR SALAD KIT,Taylor Farms Avocado Ranch Chopped Salad Kit
TYFR SALAD KIT,Taylor Farms Roasted Garlic Chopped Salad Kit
EDGE SHAVE GEL,Edge Sensitive Skin Shave Gel
EDGE SHAVE GEL,Edge Soothing Aloe Shave Gel
KIND BAR CLUSTERS,KIND Healthy Grains Almond Butter Whole Grain Clusters
LIPTON SOUP SECRET,Lipton Soup Secrets Instant Extra Noodle Soup Mix with Real Chicken Broth
STO VEG LENTIL,Simple Truth Organic™ Lentil Vegetable Soup Tub
BYND BURGER,Beyond Meat The Beyond Burger Plant-Based Burger Patties
KRO ROMAINE,Kroger® Romaine Leaf Single Cut Leaf
PRSL TOMATO SNK,Private Selection™ Petite Grape Snacking Tomatoes
CA REDEM VAL,$000.10 CRV DEPOSIT
CA REDEM VAL,$000.10 CRV DEPOSIT
BLDM ALMONDS,Blue Diamond Lightly Salted Sea Salt Almonds
CLMN ENGLSH MSTRD,Colman's English Mustard
CGYS ALPINE,Crystal Geyser Alpine Spring Water
MARCONA ALMONDS,Murray's® Marcona Fried Almonds with Sea Salt
KALAMATA OLIVES,Murray's® Smoky & Fruity Kalamata Olives
NAPOLEON ARTICHOKE,Napoleon Whole Artichoke Hearts
PACF BROTH,Pacific Organic Free Range Chicken Broth
GLAC SMRTWTR,SmartWater Vapor Distilled
CORNED BEEF,Stone Ridge Ranch Shaved Deli Style Corned Beef
CA REDEM VAL,$000.10 CRV DEPOSIT
CGYS ALPINE,Crystal Geyser Alpine Spring Water
CLRY HRT (STO) ORG,Simple Truth Organic™ Celery Hearts
SIR KSNGTN MAYO,Sir Kensington's Avocado Oil Mayonnaise
STARBUCKS COFFEE,Starbucks Cinnamon Dolce Ground Coffee
STARBUCKS COFFEE,Starbucks French Dark Roast Ground Coffee
CA REDEM VAL,$000.10 CRV DEPOSIT
ARROWHEAD ICE,Arrowhead Ice
AVOCADOS,Avocado - Extra Large
HAAS AVOCADO,Avocado - Small
BYND BF,Beyond Meat Plant-Based Ground Beyond Beef
CGYS ALPINE,Crystal Geyser Alpine Spring Water
HATCH GREEN CHILES,Hatch Farms Fire-Roasted Diced Green Chiles
KRYGLD BUTTER,Kerrygold Pure Irish Butter
KRGD BUTTER,Kerrygold Unsalted Pure Irish Butter
LAVICTORIA SALSA,La Victoria Thick 'N Chunky Medium Salsa
MUIR GLEN TOMATOES,Muir Glen Organic Tomato Paste
NUTPODS CREAMER,Nut Pods French Vanilla Unsweetened Dairy-Free Creamer
PRSL CAU ORG,Organic - Cauliflower
ONS GRN ORG,Organic - Onions - Green
PACF BROTH,Pacific Organic Free Range Chicken Broth
STO PETITE DICED,Simple Truth Organic™ No Salt Added Petite Diced Tomatoes
ST MACADAMIAS RS,Simple Truth™ Dry Roasted Sea Salt Macadamia Nuts
SPCIS CUMIN,Spice Islands Ground Cumin Seed
TLMK CHEESE,Tillamook Medium Cheddar Farmstyle Cut Shredded Cheese
ALXA RISOTTO,Alexia Cauliflower Risotto with Parmesan Cheese & Sea Salt
ARROWHEAD ICE,Arrowhead Ice
BRKFST SSG,Before the Butcher Uncut Plant-Based Breakfast Sausage
KRO BCN PK TNDRLN,Kroger® Cook-in-Bag Cajun Style Applewood Smoked Bacon Crusted Pork Tenderloin
NUTPODS CREAMER,Nut Pods Hazelnut Unsweetened Dairy-Free Creamer
OSCM BACON,Oscar Mayer Center Cut Bacon
CA REDEM VAL,$000.05 CRV DEPOSIT
CA REDEM VAL,$000.10 CRV DEPOSIT
CA REDEM VAL,$000.10 CRV DEPOSIT
ASPIRE DRINK,Aspire Cranberry Calorie Burning Drink
ASPIRE DRINK,Aspire Mango Lemonade Calorie Burning Drink
CGYS ALPINE,Crystal Geyser Alpine Spring Water
GLAC SMRTWTR,SmartWater Vapor Distilled
ESNT WATER,(LMTD QTY) Essentia Ionized Alkaline Water
FIJI WATER,(LMTD QTY) FIJI Natural Artesian Water
KRO WATER,(LMTD QTY) Kroger® Spring Water
ROBITUSSIN COUGH,(LMTD QTY) Robitussin Max Strength Blue Raspberry Nighttime Cough DM Liquid
CA REDEM VAL,$000.10 CRV DEPOSIT
CA REDEM VAL,$000.10 CRV DEPOSIT
ABOUND CAT LITTER,ABOUND™ Natural Clumping Cat Litter
ARTICHOKES,Artichoke
ATKINS BARS,Atkins Endulge Chocolate Coconut Treat Bar
AVOCADO HASS,Avocado - Small
BEEF STR FRY,Beef Choice For Stir Fry
BYND SSG HT ITLN,Beyond Meat Hot Italian Plant-Based Sausage
BYND BURGER,Beyond Meat The Beyond Burger Plant-Based Burger Patties
BRHD CHEESE,Boar's Head Monterey Jack with Jalapeno Pre-Sliced Cheese
BROCCOLI,Broccoli
CAULIFLOWER,Cauliflower
CELERY,Celery - Small
CHOLULA HOT SAUCE,Cholula Original Hot Sauce
CUCUMBERS,Cucumber - English
CUCUMBERS,Del Cabo Cucumber Og 16 Oz
PALM SHOPPING BAGS,Earthwise Palm Trees Reusable Shopping Bag
FFST CAT FOOD,Fancy Feast Classic Pate Cod Sole & Shrimp Feast Wet Cat Food
FFST CAT FOOD,Fancy Feast Classic Pate Tender Liver & Chicken Feast Wet Cat Food
FFST CAT FOOD,Fancy Feast Flaked Fish & Shrimp Feast Wet Cat Food
FRGO STR CHS,Frigo Cheese Heads Low Moisture Part Skim Original Mozzarella String Cheese
GLBNI STR CHS,Galbani String Cheese
HEFTY STORAGE BAG,Hefty Storage Slider Bags
KRO SOAP,Kroger® Honey Citrus & Shea Butter Hand Soap Bottle
KRO BF STK SHAVED,Kroger® Beef Shaved Steak
KRO PEAR COCONUT,Kroger® Pear & Coconut Hand Soap
KRO CCNT MK,Kroger® Premium Coconut Milk
KRO ROMAINE,Kroger® Romaine Leaf Single Cut Leaf
KRO ROMAINE,Kroger® Romaine Lettuce Hearts
MSHRM BYBL WHL,Kroger® Whole Baby Bella Mushrooms
LES PET CHEESE,Les Petites Havarati Cheese Wedge
LES PET CHEESE BAR,Les Petites Kosher Colby Jack Cheese
MEAT FS,MEAT FS
MEAT FS,MEAT FS
MZTA OLIVES,Mezzetta Pitted Greek Kalamata Olives
MOUNTAIN HGH YOGRT,Mountain High Plain Original Whole Milk Yoghurt
OCEANS HALO BROTH,NO CHICKEN BROTH TETRA
NUTPODS CREAMER,Nut Pods Hazelnut Unsweetened Dairy-Free Creamer
ONIONS GREEN,Onions - Green
ONIONS RED JUMB***,Onions - Red - Jumbo
BROWN ONIONS,Onions - Yellow
ASP ORG,Organic - Asparagus
CABBAGE ORG,Organic - Cabbage - Green
CABBAGE ORG,Organic - Cabbage - Red
PARSLEY ORG,Organic - Parsley - Curly
PPRS BL GRN ORGN,Organic - Peppers - Green Bell
RADISH ORG,Organic - Radishes
SQSH YLW ORG,Organic - Squash - Yellow
TOMATO ORGNC,Organic - Tomatoes - On the Vine
PARSLEY ORG,Organic Italian Parsley
OSCM BACON,Oscar Mayer Naturally Hardwood Smoked Bacon Mega Pack
PATAK CURRY PASTE,Patak Mild Curry Spice Paste
GREEN BEANS ORGNC,Pero Organic Green Beans
TOMATOES CAMPARI,Private Selection™ Campari Tomatoes
PRSL MPL TKY GNG,Private Selection™ Grab & Go Maple Turkey Breast
PRSL MUENSTR,Private Selection™ Grab & Go Muenster Cheese
FFST CAT FOOD,Purina Fancy Feast Classic Pate Chicken Feast Wet Cat Food Can
FFST CAT FOOD,Purina Fancy Feast Classic Pate Savory Salmon Feast Wet Cat Food Can
FFST CAT FOOD,Purina Fancy Feast Classic Pate Tender Beef Feast Wet Cat Food Can
FFST CAT FOOD,Purina Fancy Feast Minced Turkey Feast in Sauce Wet Cat Food Can
FFST CAT FOOD,Purina Fancy Feast Sliced Chicken Hearts & Liver Feast in Gravy Wet Cat Food Can
STO CRT BABY ORGNC,Simple Truth Organic™ Baby Carrots
STO BABY SPRING MX,Simple Truth Organic™ Baby Spring Mix
STO BASIL,Simple Truth Organic™ Basil
STO CCNT MILK,Simple Truth Organic™ Coconut Milk
STO STOCK,Simple Truth Organic™ Fat Free Beef Stock
STO BROTH,Simple Truth Organic™ Fat Free Free Range Chicken Broth
STO CARROTS ORGNC,Simple Truth Organic™ Whole Carrots
STN CHCK RST,Simple Truth™ Natural Angus Beef Chuck Roast
ST PECAN HLV RAW,Simple Truth™ Pecan Halves
ST CASHEWS RS,Simple Truth™ Sea Salt Roasted Cashews
MBA CHK GROUND,Smart Chicken Organic Ground Chicken 95% Lean
SFTSOAP KTCHN FRSH,Softsoap Fresh Breeze Liquid Hand Soap
SFTSOAP KTCHN FRSH,Softsoap Kitchen Fresh Hands Citrus Extracts Antibacterial Hand Soap
SQUASH SPAGHETTI,Squash - Spaghetti
TYFR SALAD KIT,Taylor Farms Avocado Ranch Chopped Salad Kit
TYFR SALAD KIT,Taylor Farms Roasted Garlic Chopped Salad Kit
SALAME CALABRESE,Veroni Italy Salame Calabrese
SALAME MILANO,Veroni Italy Salame Milano
ZIPLOC FREEZER BAG,Ziploc Quart Freezer Bags
FFST CAT FOOD,Fancy Feast Chunky Chicken Feast Wet Cat Food
FFST CAT FOOD,Fancy Feast Classic Pate Chicken Feast Wet Cat Food
FFST CAT FOOD,Fancy Feast Classic Pate Tender Beef Feast Wet Cat Food
FFST CAT FOOD,Fancy Feast Classic Tender Beef & Liver Feast Wet Cat Food
FFST CAT FOOD,Fancy Feast Flaked Chicken & Tuna Feast Wet Cat Food
FFST CAT FOOD,Fancy Feast Flaked Fish & Shrimp Feast Wet Cat Food
FFST CAT FOOD,Fancy Feast Grilled Chicken & Beef Feast in Gravy Wet Cat Food
FFST CAT FOOD,Fancy Feast Grilled Seafood Feast in Gravy Wet Cat Food
FFST CAT FOOD,Fancy Feast Minced Turkey Feast in Sauce Wet Cat Food
CA REDEM VAL,$000.10 CRV DEPOSIT
AM BBQ PATTY,American BBQ Organic Ground Beef Patties 85 / 15
AVOCADO HASS,Avocado - Extra Large
BYND SSG HT ITLN,Beyond Meat Hot Italian Plant-Based Sausage
BYND BURGER,Beyond Meat The Beyond Burger Plant-Based Burger Patties
CGYS WATER,Crystal Geyser Alpine Spring Water
GLBNI WM STRNG CHSRC,Galbani Mozzarella String Cheese 12 Count
HOUSEFOODS TOFU,House Foods Extra Firm Tofu
KRO GREEN LEAF,Kroger® Green Leaf Single Cut Leaf
NTSW TOMATOES,Nature Sweet Cherub Tomatoes
NUTPODS CREAMER,Nut Pods French Vanilla Unsweetened Dairy-Free Creamer
CUCUMBER ORG,Organic - Cucumber - English
O M BACON,Oscar Mayer Naturally Hardwood Smoked Bacon
SALAME CALABRESE,Veroni Italy Salame Calabrese
CA REDEM VAL,$000.10 CRV DEPOSIT
HAAS AVOCADO,Avocado - Small
BYND SSG HT ITLN,Beyond Meat Hot Italian Plant-Based Sausage
BLDM ALMONDS,Blue Diamond Bold Habanero BBQ Almonds
BLDM ALMONDS,Blue Diamond Smokehouse Almonds
BLDM ALMONDS,Blue Diamond Whole Natural Almonds
FFST CAT FOOD,Fancy Feast Classic Pate Chicken Feast Wet Cat Food
FFST CAT FOOD,Fancy Feast Classic Pate Cod Sole & Shrimp Feast Wet Cat Food
FFST CAT FOOD,Fancy Feast Classic Pate Tender Beef Feast Wet Cat Food
FFST CAT FOOD,Fancy Feast Classic Tender Beef & Liver Feast Wet Cat Food
FFST CAT FOOD,Fancy Feast Filet Mignon Flavor with Real Seafood & Shrimp Dry Cat Food
FFST CAT FOOD,Fancy Feast Grilled Beef Feast in Gravy Wet Cat Food
FFST CAT FOOD,Fancy Feast Grilled Liver & Chicken Feast in Gravy Wet Cat Food
FFST CAT FOOD,Fancy Feast Grilled Salmon Feast in Gravy Wet Cat Food
FFST CAT FOOD,Fancy Feast Sliced Chicken Hearts & Liver Feast in Gravy Wet Cat Food
FGOR CRSP HTCH PPR,Fresh Gourmet Crispy Hatch Chiles 3.5 Oz
FGOR PEPPERS,Fresh Gourmet Crispy Red Peppers
FGOR JALAPEN,Fresh Gourmet Lightly Salted Crispy Jalapenos
ST LHS TEA,Simple Truth™ Lemon Verbena Hand Soap
GLAC SMRTWTR,SmartWater Vapor Distilled
TYFR SALAD KIT,Taylor Farms Avocado Ranch Chopped Salad Kit
CA REDEM VAL,$000.10 CRV DEPOSIT
CA REDEM VAL,$000.10 CRV DEPOSIT
AHMR PRXCRE TP,Arm & Hammer Peroxi Care Healthy Gums Toothpaste
ARROWHEAD ICE,Arrowhead Ice
COLG TTL ADV TP,Colgate Total Advanced Whitening Toothpaste Value Pack
CGYS ALPINE,Crystal Geyser Alpine Spring Water
DOVE HAND WASH,Dove Sugar Cane & Warm Vanilla Foaming Hand Wash
EGGLANDS BEST EGGS,Eggland's Best Organic Grade A Large Brown Eggs
GLBNI WM STRNG CHSRC,Galbani Mozzarella String Cheese 12 Count
KRGD SHRED CHS,Kerrygold Shredded Savory Cheddar Cheese
NUTPODS CREAMER,Nut Pods French Vanilla Unsweetened Dairy-Free Creamer
NUTPODS CREAMER,Nut Pods Hazelnut Unsweetened Dairy-Free Creamer
PICNIK CREAMER,Picnik Unsweetened Original Creamer
MONTEREY JACK,Sincerely Brigitte Jalapeno Cilantro Cheese
MONTEREY JACK,Sincerely Brigitte Tomato Olive Cheese
GLAC SMRTWTR,SmartWater Vapor Distilled
CA REDEM VAL,$000.10 CRV DEPOSIT
CA REDEM VAL,$000.10 CRV DEPOSIT
APGT FRM RST TRKY,Applegate Natural Oven Roasted Turkey Breast
ARROWHEAD ICE,Arrowhead Ice
BESTFOODS MAYO,Best Foods Real Mayonnaise
BYND SSG BRAT,Beyond Meat Original Brat Plant-Based Sausage Links
SNFN HRB TKY BRST,Columbus Sliced Herb Turkey Breast
CGYS ALPINE,Crystal Geyser Alpine Spring Water
EGGLANDS BEST EGGSRC,Eggland's Best Organic Grade A Large Brown Eggs
FLLW YR HT HRSRDSH,Follow Your Heart Vegenaise Horseradish Sauce
GLBNI WM STRNG CHSRC,Galbani Mozzarella String Cheese 12 Count
KRGD BUTTER,Kerrygold Unsalted Pure Irish Butter
NSYA KIMCHI,Nasoya Spicy Vegan Napa Cabbage Kimchi
NUTPODS CREAMER,Nut Pods French Vanilla Unsweetened Dairy-Free Creamer
LETTUCE  ORG,Organic - Lettuce - Iceberg
STO GRATED PARM,Simple Truth Organic™ Grated Parmesan Cheese Shaker
GLAC SMRTWTR,SmartWater Vapor Distilled
ANTIPASTO TRAY,Veroni Italy Antipasto Italiano
WLDBRN RW ORG KRT,Wildbrine Raw Organic Kraut
CA REDEM VAL,$000.10 CRV DEPOSIT
ARROWHEAD ICE,Arrowhead Ice
CGYS ALPINE,Crystal Geyser Alpine Spring Water
ESNT WATER,(LMTD QTY) Essentia Ionized Alkaline Water
FIJI WATER,(LMTD QTY) FIJI Natural Artesian Water
KRO WATER,(LMTD QTY) Kroger® Spring Water
GLAC SMRTWTR,(LMTD QTY) SmartWater Vapor Distilled
CA REDEM VAL,$000.10 CRV DEPOSIT
CA REDEM VAL,$000.10 CRV DEPOSIT
ART STEMS,Artichokes Long Stem
AVOCADO HASS,Avocado - Extra Large
BESTFOODS MAYO,Best Foods Real Mayonnaise
FFST CAT FOOD,Fancy Feast Classic Pate Turkey & Giblets Feast Wet Cat Food
FFST CAT FOODa,Fancy Feast Classic Tender Beef & Liver Feast Wet Cat Food
FFST CAT FOOD,Fancy Feast Filet Mignon Flavor with Real Seafood & Shrimp Dry Cat Food
FFST CAT FOOD,Fancy Feast Grilled Liver & Chicken Feast in Gravy Wet Cat Food
KITBSC STOCK,Kitchen Basics Original Beef Stock
KRO PLSTC CUP,Kroger® Plastic Cups 18 fl. oz.
OCEANS HALO BROTH,NO CHICKEN BROTH TETRA
NUTPODS CREAMER,Nut Pods French Vanilla Unsweetened Dairy-Free Creamer
OCNS HAL BRTH MISO,Ocean's Halo Organic Miso Broth
BROWN ONIONS,Onions - Yellow
PACF BROTH,Pacific Organic Beef Broth
PACF BROTH,Pacific Organic Free Range Chicken Broth
PACF BROTH,Pacific Organic Unsalted Chicken Bone Broth
FFST CAT FOOD,Purina Fancy Feast Chunky Chicken Feast Wet Cat Food
FFST CAT FOOD,Purina Fancy Feast Classic Pate Savory Salmon Feast Wet Cat Food Can
FFST CAT FOOD,Purina Fancy Feast Classic Pate Tender Beef Feast Wet Cat Food Can
FFST CAT FOOD,Purina Fancy Feast Minced Turkey Feast in Sauce Wet Cat Food Can
STO BROTH,Simple Truth Organic™ Low Sodium Free Range Chicken Broth
STN CHCK RST,Simple Truth™ Natural Angus Beef Chuck Roast
MINDFUL CHK,Sweet Earth Vegan Mindful Chik'n Strips
ARROWHEAD ICE,Arrowhead Ice
NTSW TOMATO CHERUB,Nature Sweet Cherubs Tomatoes
CUCUMBER ORG,Organic - Cucumber - English
ST MACADAMIAS RS,Simple Truth™ Dry Roasted Sea Salt Macadamia Nuts
JENO TKY CHB,Jennie-O 85% Lean Ground Turkey Roll
BLDM ALMONDS,Blue Diamond Lightly Salted Sea Salt Almonds
BLDM ALMONDS,Blue Diamond Whole Natural Almonds
FFST CAT FOOD,Fancy Feast Classic Pate Tender Beef Feast Wet Cat Food
FFST CAT FOOD,Fancy Feast Medleys Turkey Florentine Wet Cat Food
FFST CAT FOOD,Fancy Feast Medleys Wild Salmon Florentine Wet Cat Food
SCLN HRB MRNTD OLV,Murray's® Aromatic & Bold Sicilian Herb Marinated Olives Pitted
KALAMATA OLIVES,Murray's® Smoky & Fruity Kalamata Olives
ESNT WATER,(LMTD QTY) Essentia Ionized Alkaline Water
FIJI WATER,(LMTD QTY) FIJI Natural Artesian Water
KRO WATER,(LMTD QTY) Kroger® Spring Water
ST PB GRNDS,(MAX 3) Simple Truth� Emerge Plant-Based Grind
CA REDEM VAL,$000.10 CRV DEPOSIT
CA REDEM VAL,$000.10 CRV DEPOSIT
APGT FRM BACON,Applegate Natural Uncured Turkey Bacon
ARROWHEAD ICE,Arrowhead Ice
BRHD TURKEY,Boar's Head Roasted Turkey Breast
BUITONI PARMESAN,Buitoni Freshly Shredded Parmesan Cheese
ONIONS YELLOW,Kroger® Yellow Onions
LAVICTORIA SALSA,La Victoria Thick 'N Chunky Mild Salsa
WAGYU GRND BF,Mishima Reserve Wagyu Ground Beef
NUTPODS CREAMER,Nut Pods French Vanilla Unsweetened Dairy-Free Creamer
PRSL MUENSTR,Private Selection™ Grab & Go Muenster Cheese
MBA CHK GROUND,Smart Chicken Organic Ground Chicken 95% Lean
STARBUCKS COFFEE,Starbucks French Dark Roast Ground Coffee
LES PET CHEESE,Les Petites Kosher Colby Jack Cheese
AVOCADO HASS,Avocado - Extra Large
BYND SSG HT ITLN,Beyond Meat Hot Italian Plant-Based Sausage
EGGLANDS BEST EGGS,Eggland's Best Organic Grade A Large Brown Eggs
FFST CAT FOOD,Fancy Feast Grilled Beef Feast in Gravy Wet Cat Food
FFST CAT FOOD,Fancy Feast Minced Turkey Feast in Sauce Wet Cat Food
FGOR PEPPERS,Fresh Gourmet Crispy Red Peppers
FGOR JALAPEN,Fresh Gourmet Lightly Salted Crispy Jalapenos
HRML SL BCN,Hormel Black Label Fully Cooked Hardwood Smoked Thick Cut Bacon
KRGD SLICED CHEESE,Kerrygold Savory Cheddar Cheese Slices
KRYGLD BUTTER,Kerrygold Unsalted Pure Irish Butter
KRO ULT STRNG 12,Kroger® Home Sense® Ultra Strong Mega Roll Bath Tissue
NTSW TOMATO CHERUB,Nature Sweet Cherubs Tomatoes
CUC ORG RPC,Organic - Cucumber - English
SARGENTO CHEESE,Sargento Natural Pepper Jack Cheese Slices 10 Count
CA REDEM VAL,$000.10 CRV DEPOSIT
ESNT WATER,Essentia Ionized Alkaline Water (MAX 3)
MZTA OLIVES,Mezzetta Pitted Greek Kalamata Olives
GLAC SMRTWTR,SmartWater Vapor Distilled (MAX 3)
BYND SSG HT ITLN,Beyond Meat Hot Italian Plant-Based Sausage
GRGR LEMONGR,Gourmet Garden Lemongrass Stir-In Paste
NUTPODS CREAMER,Nut Pods French Vanilla Unsweetened Dairy-Free Creamer
ONIONS GREEN,Onions - Green
SQUASH YLW ORGNC,Organic - Squash - Yellow
PARSLEY ORG,Organic Italian Parsley
RADISHES,Radishes - Green Top
STO REG SOUR CREAM,Simple Truth Organic™ Cultured Grade A Sour Cream
STO PEPPERS,Simple Truth Organic™ Mini Sweet Peppers
CA REDEM VAL,$000.10 CRV DEPOSIT
CA REDEM VAL,$000.10 CRV DEPOSIT
AVOCADOS,Avocado - Small
BYND SSG BRAT,Beyond Meat Original Brat Plant-Based Sausage Links
BFLO CKN SAUSAGE,Boar's Head Blazing Buffalo Chicken Sausage
CGYS ALPINE,Crystal Geyser Alpine Spring Water
EHCO FALLS SOCKE,Echo Falls Smoked Sockeye Salmon
FGOR PEPPERS,Fresh Gourmet Crispy Red Peppers
GLBNI WM STRNG CHS,Galbani Mozzarella String Cheese 12 Count
CUC ORG RPC,Organic - Cucumber - English
ST COOKED BACON,Simple Truth™ Fully Cooked Uncured Applewood Smoked Bacon
ST TURKEY BACON,Simple Truth™ Fully Cooked Uncured Hardwood Smoked Turkey Bacon
GLAC SMRTWTR,SmartWater Vapor Distilled
STARBUCKS COFFEE,Starbucks French Dark Roast Ground Coffee
TYFR SALAD KIT,Taylor Farms Avocado Ranch Chopped Salad Kit
PEDIGREE DOG FOOD,Pedigree Chopped Ground Dinner with Chicken Wet Dog Food
PEDIGREE DOG FOOD,"Pedigree Chunky Ground Dinner Beef, Bacon & Cheese Flavor Wet Dog Food"
BARLLA ROTINI,Barilla Protein+ Rotini Grain & Legume Pasta
GLDN BLINTZES,Golden Cheese Blintzes
JENO TRKY GRND,Jennie-O All-Natural 93% Lean Ground Turkey
KIND HG BRKFST ALM,KIND Breakfast Protein Almond Butter Bars
KNUDSEN COTTGE CHS,Knudsen Small Curd Low Fat Cottage Cheese & Pineapple
KRO CF EGG WHITES,Kroger® Cage Free Egg Whites
KRO LENTILS,Kroger® Red Lentils
KROGER FROZEN VEG,Kroger® Traditional Favorites Broccoli Cuts
LIPTON MTZO BLL,Lipton Kosher Matzo Ball and Soup Mix
MANI MATZO MIX,Manischewitz Matzo Ball Mix
MRE CLNDRS FZ MEAL,Marie Callender's Chicken Pot Pie Frozen Meal
GLDN TST BROCCOLI,Pardes Farms Grade A Broccoli Cuts
PFRM SWIRL BREAD,Pepperidge Farm Swirl Raisin Cinnamon Bread
PHLLY CREAM CHEESE,Philadelphia Original Cream Cheese
STOUFFERS FZN MEAL,Stouffer's Classics Macaroni & Cheese Frozen Meal
STREIT MATZO MIX,Streit's Matzo Ball Soup Mix
TYFR SALAD KIT,Taylor Farms Avocado Ranch Chopped Salad Kit
TYFR SALAD KIT,Taylor Farms Buffalo Ranch Chopped Salad Kit
TYFR SALAD KIT,Taylor Farms Roasted Garlic Chopped Salad Kit
TYFR SALAD KIT,Taylor Farms Steakhouse Wedge Chopped Salad Kit
WSTRN BGL BAGELS,Western Bagel Sesame Bagels
ZIA ITALIANA XTRA,Zia Italiana Extra Wide Egg Noodles
ARROWHEAD ICE,Arrowhead Ice
AVOCADOS,Avocado - Extra Large
CAULIFLOWER,Cauliflower
FIT SHPR,Fit Fruit & Vegetable Wash
HATCH GREEN CHILES,Hatch Farms Fire-Roasted Diced Green Chiles
OLD EL PASO SEASNG,Old El Paso Original Taco Seasoning Mix
ST PECAN HLV RAW,Simple Truth™ Pecan Halves
TACO BELL SEASNING,Taco Bell Original Taco Seasoning Mix
BYND SSG BRAT,(MAX 3) Beyond Meat Original Brat Plant-Based Sausage Links
FRML MTBLL HMSTYL,(MAX 3) Pure Farmland Homestyle Plant-Based Meatballs 12 Count
FMLD BRKFST PTTY,(MAX 3) Pure Farmland Plant-Based Maple Breakfast Patties
APGT FRM BACON,Applegate Natural Uncured Turkey Bacon
BRHD TURKEY,Boar's Head Applewood Smoked Turkey Breast
BRHD TURKEY,Boar's Head Roasted Turkey Breast
GREEN GIANT STMR,Green Giant Simply Steam Broccoli Florets
JOSF MRBL JACK CHS,Joseph Farms Marble Jack Cheese
PRSL MUENSTR,Private Selection™ Grab & Go Muenster Cheese
PRSL AGED VERM,Private Selection™ Vermont Extra Sharp White Cheddar Cheese Bar
SIMPLE TRUTH EGGS,Simple Truth Organic™ Cage Free Grade AA Large Brown Eggs
ST PECAN PCS RAW,Simple Truth™ Pecan Pieces
ST ALMONDS RAW,Simple Truth™ Raw Almonds
ST CASHEWS RS,Simple Truth™ Sea Salt Roasted Cashews
ST BRFST SSG,Simple Truth™ Traditional Breakfast Sausage Patties
ALFRSCO EGGS,Vital Farms Alfresco Pasture-Raised Grade A Large Eggs
CA REDEM VAL,$000.10 CRV DEPOSIT
NUTPODS CREAMER,Nut Pods French Vanilla Unsweetened Dairy-Free Creamer
ONS GRN ORG,Organic - Onions - Green
GLAC SMRTWTR,SmartWater Vapor Distilled
TYFR SALAD KIT,Taylor Farms Avocado Ranch Chopped Salad Kit
CA REDEM VAL,$000.10 CRV DEPOSIT
CA REDEM VAL,$000.10 CRV DEPOSIT
ARROWHEAD ICE,Arrowhead Ice
KRO ALKALINE WATER,Kroger® Alkaline Water Jug (MAX 3)
GLAC SMRTWTR,SmartWater Vapor Distilled (MAX 3)
ARROWHEAD ICE,Arrowhead Ice
CA REDEM VAL,$000.05 CRV DEPOSIT
CA REDEM VAL,$000.10 CRV DEPOSIT
ABOUND CAT LITTER,ABOUND™ Natural Clumping Cat Litter
ARROWHEAD ICE,Arrowhead Ice
AVOCADO HASS,Avocado - Extra Large
BYND SSG HT ITLN,Beyond Meat Hot Italian Plant-Based Sausage
CGYS ALPINE,Crystal Geyser Alpine Spring Water
FFST CAT FOOD,Fancy Feast Creamy Delights Chicken Feast with Real Milk Wet Cat Food
FFST CAT FOOD,Fancy Feast Creamy Delights Salmon Paté with Real Milk Wet Cat Food
FFST CAT FOOD,Fancy Feast Creamy Delights Tuna Feast with Real Milk Wet Cat Food
FFST CAT FOOD,Fancy Feast Gravy Lovers Beef Feast in Roasted Beef Flavor Gravy Wet Cat Food
FFST CAT FOOD,Fancy Feast Gravy Lovers Chicken & Beef in Gravy Wet Cat Food
FFST CAT FOOD,Fancy Feast Gravy Lovers Chicken Feast in Grilled Chicken Flavor Gravy Wet Cat Food
FFST CAT FOOD,Fancy Feast Gravy Lovers Chicken Hearts & Liver Feast in Grilled Chicken Gravy Wet Cat Food
FFST CAT FOOD,Fancy Feast Gravy Lovers Salmon Feast Wet Cat Food
GLAC SMRTWTR,Glaceau Smartwater Cucumber Lime Bottle
GLAC SMRTWTR,Glaceau Smartwater Watermelon Mint Bottle
KRYGLD BUTTER,Kerrygold Unsalted Pure Irish Butter
KRO COFFEE FILTER,Kroger® # 4 Unbleached Cone Coffee Filters - Natural Brown
PRSL CAU ORG,Organic - Cauliflower
SQUASH ZUCHI,Zucchini
AMYS LENTIL SOUP,Amy's Organic Lentil Soup
ART STEMS,Artichokes Long Stem
BARLLA LINGUINE,Barilla Linguine Pasta
BIRDSEYE FRZN VEG,Birds Eye C&W Petite Peas
KOSH BROILER,KOSH CHK BROILR YNG WH FS
MANI LNTL SOUP MIX,Manischewitz Lentil Soup Mix
MANI SOUP MIX,Manischewitz Minestrone Soup Mix
MANI SOUP MIX,Manischewitz Split Bea & Barley Soup Mix
STO BABY SPINACH,Simple Truth Organic™ Baby Spinach
CA REDEM VAL,$000.10 CRV DEPOSIT
BLDM ALMONDS,Blue Diamond Whole Natural Almonds
FGOR CRSP HTCH PPR,Fresh Gourmet Crispy Hatch Chiles 3.5 Oz
FGOR ONIONS,Fresh Gourmet Crispy Onions
FGOR PEPPERS,Fresh Gourmet Crispy Red Peppers
FGOR JALAPEN,Fresh Gourmet Lightly Salted Crispy Jalapenos
PLNTR CASHEW,Planters Deluxe Whole Cashews
GLAC SMRTWTR,SmartWater Vapor Distilled
ONIONS ORGNC,Vidla Red Froro N/av 32oz
